-- PERSONA
INSERT INTO persona VALUES ('ZCXDMB48A29C263D','Matilde','Rossi','30-APR-1985');
INSERT INTO persona VALUES ('ZCBXRN51H21Z713W','Edoardo','Russo','25-MAR-1999');
INSERT INTO persona VALUES ('SSXDDF70L44D882J','Sara','Ferrari','02-MAG-1978');
INSERT INTO persona VALUES ('DDJRZZ65B24A666H','Alice','Esposito','07-FEB-1977');
INSERT INTO persona VALUES ('SPMGVQ58R53G771S','Giulia','Bianchi','09-MAR-2000');
INSERT INTO persona VALUES ('KNVPMB79B43H365Z','Ludovica','Romano','05-MAR-1984');
INSERT INTO persona VALUES ('NMAWJT72S46H729K','Francesca','Colombo','27-OTT-1960');
INSERT INTO persona VALUES ('PLOKWZ89H58B350J','Andrea','Ricci','12-APR-1999');
INSERT INTO persona VALUES ('JVGDPD66C03C557G','Greta','Marino','27-MAR-1988');
INSERT INTO persona VALUES ('VOOBJV42S66E970Z','Nicole','Greco','18-AGO-1986');
INSERT INTO persona VALUES ('RTQPCR82C30F175V','Noemi','Bruno','25-MAR-1966');
INSERT INTO persona VALUES ('YFGZZB70A18E273Y','Gabriele','Gallo','26-MAG-1970');
INSERT INTO persona VALUES ('DNHMTX45C61E687Z','Giuseppe','Conti','24-SET-1989');
INSERT INTO persona VALUES ('DDJRZZ65B24A666P','Aurora','De Luca','10-GEN-1970');
INSERT INTO persona VALUES ('TBZJTU60B67I973G','Davide','Mancini','07-APR-1979');
INSERT INTO persona VALUES ('RPKWYZ84H11E216G','Antonio','Costa','15-OTT-1999');
INSERT INTO persona VALUES ('GZSVCJ41S09F880H','Giovanni','Giordano','28-SET-1969');
INSERT INTO persona VALUES ('SVFVMH35P01I498W','Beatrice','Lombardi','05-APR-1986');
INSERT INTO persona VALUES ('WJMHMX43M69F254W','Lorenzo','Moretti','09-AGO-1971');
INSERT INTO persona VALUES ('NRRFLB64D23I997P','Nicolo','Barbieri','27-GIU-1976');
INSERT INTO persona VALUES ('MPGRZQ71T13A806W','Martina','Fontana','24-NOV-1982');
INSERT INTO persona VALUES ('SIEVNM76S49B966D','Tommaso','Santoro','06-APR-1992');
INSERT INTO persona VALUES ('MSMQKH50S70I436R','Vittoria','Mariani','02-APR-1965');
INSERT INTO persona VALUES ('LPRLJN42C55M287S','Christian','Rinaldi','02-DIC-1996');
INSERT INTO persona VALUES ('HKOGPP55A30B710B','Federico','Caruso','07-DIC-1993');
INSERT INTO persona VALUES ('SYYHNX36E69E199L','Samuele','Ferrara','14-NOV-1969');
INSERT INTO persona VALUES ('LQVXTT93D13C516A','Giorgia','Galli','09-MAR-1962');
INSERT INTO persona VALUES ('TGTGGZ73T66Z121G','Anna','Martini','15-FEB-1962');
INSERT INTO persona VALUES ('GBVFRJ57C21H911A','Mattia','Longo','10-MAR-1996');
INSERT INTO persona VALUES ('STVGRZ45R12D768X','Francesco','Martinelli','18-GEN-1977');
INSERT INTO persona VALUES ('DVFMHS72P52A896H','Emma','Lombardo','03-OTT-1976');
INSERT INTO persona VALUES ('HCFPRC75P26C754C','Matteo','Serra','22-LUG-1970');
INSERT INTO persona VALUES ('THZDPB56R71F914R','Riccardo','Coppola','17-MAG-1983');
INSERT INTO persona VALUES ('TFIXPC43C53I604X','Sofia','De Santis','18-GIU-1962');
INSERT INTO persona VALUES ('JCMHST46T48F408I','Gaia','Marchetti','07-OTT-1988');
INSERT INTO persona VALUES ('DPUKRM43P67B641W','Leonardo','Parisi','05-SET-1983');
INSERT INTO persona VALUES ('LHCGAU31A68H752H','Ginevra','Villa','12-NOV-1960');
INSERT INTO persona VALUES ('VFDZZK60P08D760O','Alessandro','Conte','28-MAR-1988');
INSERT INTO persona VALUES ('PYCNHT84B57D547H','Alessandro','Michelini','28-MAR-1988');
INSERT INTO persona VALUES ('GDNPNR98L22E585M','Alessio','Francescani','28-APR-1999');

-- CELLULAREPERSONA
INSERT INTO CellularePersona VALUES ('ZCXDMB48A29C263D','378850096');
INSERT INTO CellularePersona VALUES ('ZCBXRN51H21Z713W','378870096');
INSERT INTO CellularePersona VALUES ('SSXDDF70L44D882J','507855944');
INSERT INTO CellularePersona VALUES ('DDJRZZ65B24A666H','921831338');
INSERT INTO CellularePersona VALUES ('SPMGVQ58R53G771S','911807817');
INSERT INTO CellularePersona VALUES ('KNVPMB79B43H365Z','625311906');
INSERT INTO CellularePersona VALUES ('NMAWJT72S46H729K','156249483');
INSERT INTO CellularePersona VALUES ('NMAWJT72S46H729K','234414295');
INSERT INTO CellularePersona VALUES ('PLOKWZ89H58B350J','422063263');
INSERT INTO CellularePersona VALUES ('JVGDPD66C03C557G','054688626');
INSERT INTO CellularePersona VALUES ('VOOBJV42S66E970Z','592944464');
INSERT INTO CellularePersona VALUES ('RTQPCR82C30F175V','582899115');
INSERT INTO CellularePersona VALUES ('YFGZZB70A18E273Y','061429282');
INSERT INTO CellularePersona VALUES ('DNHMTX45C61E687Z','879173519');
INSERT INTO CellularePersona VALUES ('DDJRZZ65B24A666P','158447359');
INSERT INTO CellularePersona VALUES ('TBZJTU60B67I973G','195248167');
INSERT INTO CellularePersona VALUES ('RPKWYZ84H11E216G','652669920');
INSERT INTO CellularePersona VALUES ('GZSVCJ41S09F880H','115969795');
INSERT INTO CellularePersona VALUES ('SVFVMH35P01I498W','966580407');
INSERT INTO CellularePersona VALUES ('WJMHMX43M69F254W','547704606');
INSERT INTO CellularePersona VALUES ('NRRFLB64D23I997P','978574544');
INSERT INTO CellularePersona VALUES ('MPGRZQ71T13A806W','146805946');
INSERT INTO CellularePersona VALUES ('SIEVNM76S49B966D','511382742');
INSERT INTO CellularePersona VALUES ('MSMQKH50S70I436R','122089434');
INSERT INTO CellularePersona VALUES ('MSMQKH50S70I436R','354044638');
INSERT INTO CellularePersona VALUES ('LPRLJN42C55M287S','044272457');
INSERT INTO CellularePersona VALUES ('HKOGPP55A30B710B','990298141');
INSERT INTO CellularePersona VALUES ('SYYHNX36E69E199L','451865229');
INSERT INTO CellularePersona VALUES ('LQVXTT93D13C516A','595913269');
INSERT INTO CellularePersona VALUES ('TGTGGZ73T66Z121G','499419233');
INSERT INTO CellularePersona VALUES ('GBVFRJ57C21H911A','970166688');
INSERT INTO CellularePersona VALUES ('STVGRZ45R12D768X','035537954');
INSERT INTO CellularePersona VALUES ('DVFMHS72P52A896H','976666688');
INSERT INTO CellularePersona VALUES ('HCFPRC75P26C754C','930428509');
INSERT INTO CellularePersona VALUES ('THZDPB56R71F914R','928384920');
INSERT INTO CellularePersona VALUES ('TFIXPC43C53I604X','083947759');
INSERT INTO CellularePersona VALUES ('JCMHST46T48F408I','820003948');
INSERT INTO CellularePersona VALUES ('DPUKRM43P67B641W','773829388');
INSERT INTO CellularePersona VALUES ('LHCGAU31A68H752H','333928300');
INSERT INTO CellularePersona VALUES ('VFDZZK60P08D760O','023456789');
INSERT INTO CellularePersona VALUES ('PYCNHT84B57D547H','089765432');
INSERT INTO CellularePersona VALUES ('GDNPNR98L22E585M','456321567');

-- CLIENTE
INSERT INTO Cliente VALUES ('ZCXDMB48A29C263D','matilde.rossi@email.com');
INSERT INTO Cliente VALUES ('ZCBXRN51H21Z713W','edoardo.russo@email.com');
INSERT INTO Cliente VALUES ('SSXDDF70L44D882J','sara.ferrari@email.com');
INSERT INTO Cliente VALUES ('DDJRZZ65B24A666H','alice.esposito@email.com');
INSERT INTO Cliente VALUES ('SPMGVQ58R53G771S','giulia.bianchi@email.com');
INSERT INTO Cliente VALUES ('KNVPMB79B43H365Z','ludovica.romano@email.com');
INSERT INTO Cliente VALUES ('NMAWJT72S46H729K','francesca.colombo@email.com');
INSERT INTO Cliente VALUES ('PLOKWZ89H58B350J','andrea.ricci@email.com');
INSERT INTO Cliente VALUES ('JVGDPD66C03C557G','greta.marino@email.com');
INSERT INTO Cliente VALUES ('VOOBJV42S66E970Z','nicole.greco@email.com');
INSERT INTO Cliente VALUES ('RTQPCR82C30F175V','noemi.bruno@email.com');
INSERT INTO Cliente VALUES ('YFGZZB70A18E273Y','gabriele.gallo@email.com');
INSERT INTO Cliente VALUES ('DNHMTX45C61E687Z','giuseppe.conti@email.com');
INSERT INTO Cliente VALUES ('DDJRZZ65B24A666P','aurore.deluca@email.com');
INSERT INTO Cliente VALUES ('TBZJTU60B67I973G','davide.mancini@email.com');
INSERT INTO Cliente VALUES ('RPKWYZ84H11E216G','antonio.costa@email.com');
INSERT INTO Cliente VALUES ('GZSVCJ41S09F880H','giovanni.giordano@email.com');
INSERT INTO Cliente VALUES ('SVFVMH35P01I498W','beatrice.lombardi@email.com');
INSERT INTO Cliente VALUES ('WJMHMX43M69F254W','lorenzo.moretti@email.com');
INSERT INTO Cliente VALUES ('NRRFLB64D23I997P','nicolo.barbieri@email.com');
INSERT INTO Cliente VALUES ('MPGRZQ71T13A806W','martina.fontana@email.com');
INSERT INTO Cliente VALUES ('SIEVNM76S49B966D','tommaso.santoro@email.com');
INSERT INTO Cliente VALUES ('MSMQKH50S70I436R','vittoria.marini@email.com');
INSERT INTO Cliente VALUES ('LPRLJN42C55M287S','christian.rilandi@email.com');
INSERT INTO Cliente VALUES ('HKOGPP55A30B710B','federico.caruso@email.com');

-- TESSERA
INSERT INTO tessera VALUES ('NFOZ9252','24-GEN-2021', 'ZCXDMB48A29C263D','24-GEN-2020');
INSERT INTO tessera VALUES ('AASS6876','25-GEN-2021', 'ZCBXRN51H21Z713W','25-GEN-2020');
INSERT INTO tessera VALUES ('WPFG5097','03-FEB-2021', 'SSXDDF70L44D882J','03-FEB-2020');
INSERT INTO tessera VALUES ('NIPU3367','24-SET-2021', 'DDJRZZ65B24A666H','24-SET-2020');
INSERT INTO tessera VALUES ('UYRN4573','10-NOV-2021', 'SPMGVQ58R53G771S','10-NOV-2020');
INSERT INTO tessera VALUES ('LRIH2946','01-DIC-2021', 'KNVPMB79B43H365Z','01-DIC-2020');
INSERT INTO tessera VALUES ('IURL5343','27-DIC-2021', 'NMAWJT72S46H729K','27-DIC-2020');
INSERT INTO tessera VALUES ('DOUS1723','03-MAR-2021', 'PLOKWZ89H58B350J','03-MAR-2020');
INSERT INTO tessera VALUES ('INER9666','30-MAR-2021', 'JVGDPD66C03C557G','30-MAR-2020');
INSERT INTO tessera VALUES ('JPHA6328','05-MAG-2021', 'VOOBJV42S66E970Z','05-MAG-2020');
INSERT INTO tessera VALUES ('HDOE3730','09-SET-2021', 'RTQPCR82C30F175V','09-SET-2020');
INSERT INTO tessera VALUES ('SODL9486','02-NOV-2021', 'YFGZZB70A18E273Y','02-NOV-2020');
INSERT INTO tessera VALUES ('DVWP7236','11-APR-2021', 'DNHMTX45C61E687Z','11-APR-2020');
INSERT INTO tessera VALUES ('YUZN3758','24-NOV-2021', 'DDJRZZ65B24A666P','24-NOV-2020');
INSERT INTO tessera VALUES ('IRJF1497','28-APR-2021', 'TBZJTU60B67I973G','28-APR-2020');

-- VETERINARIO
INSERT INTO Veterinario VALUES ('SYYHNX36E69E199L','Laurea Magistrale');
INSERT INTO Veterinario VALUES ('LQVXTT93D13C516A','Laurea Triennale');
INSERT INTO Veterinario VALUES ('TGTGGZ73T66Z121G','Laurea Triennale');
INSERT INTO Veterinario VALUES ('GBVFRJ57C21H911A','Laurea Triennale');
INSERT INTO Veterinario VALUES ('STVGRZ45R12D768X','Laurea Magistrale');
INSERT INTO Veterinario VALUES ('DVFMHS72P52A896H','Laurea Triennale');
INSERT INTO Veterinario VALUES ('HCFPRC75P26C754C','Laurea Magistrale');
INSERT INTO Veterinario VALUES ('THZDPB56R71F914R','Laurea Triennale');
INSERT INTO Veterinario VALUES ('TFIXPC43C53I604X','Laurea Magistrale');
INSERT INTO Veterinario VALUES ('JCMHST46T48F408I','Laurea Triennale');
INSERT INTO Veterinario VALUES ('DPUKRM43P67B641W','Laurea Magistrale');
INSERT INTO Veterinario VALUES ('LHCGAU31A68H752H','Laurea Triennale');
INSERT INTO Veterinario VALUES ('VFDZZK60P08D760O','Laurea Magistrale');
INSERT INTO Veterinario VALUES ('PYCNHT84B57D547H','Laurea Triennale');
INSERT INTO Veterinario VALUES ('GDNPNR98L22E585M','Laurea Magistrale');
INSERT INTO Veterinario VALUES ('ZCXDMB48A29C263D','Laurea Magistrale');
INSERT INTO Veterinario VALUES ('ZCBXRN51H21Z713W','Laurea Triennale');
INSERT INTO Veterinario VALUES ('SSXDDF70L44D882J','Laurea Magistrale');

-- CARRELLO
INSERT INTO Carrello VALUES ('0156-0188','2');
INSERT INTO Carrello VALUES ('0266-0587','1');
INSERT INTO Carrello VALUES ('4116-4412','3');
INSERT INTO Carrello VALUES ('5146-4256','4');
INSERT INTO Carrello VALUES ('0155-0984','2');
INSERT INTO Carrello VALUES ('0186-0458','2');
INSERT INTO Carrello VALUES ('8158-4478','1');
INSERT INTO Carrello VALUES ('8156-0144','2');
INSERT INTO Carrello VALUES ('0446-0698','2');
INSERT INTO Carrello VALUES ('0858-0848','2');
INSERT INTO Carrello VALUES ('0256-0148','4');
INSERT INTO Carrello VALUES ('4216-0148','3');
INSERT INTO Carrello VALUES ('0156-0688','2');
INSERT INTO Carrello VALUES ('0106-0768','2');
INSERT INTO Carrello VALUES ('0057-0888','3');
INSERT INTO Carrello VALUES ('0199-0388','1');
INSERT INTO Carrello VALUES ('0156-0183','3');
INSERT INTO Carrello VALUES ('0156-6288','4');
INSERT INTO Carrello VALUES ('0156-7832','2');
INSERT INTO Carrello VALUES ('1256-0548','4');
INSERT INTO Carrello VALUES ('0012-1288','1');
INSERT INTO Carrello VALUES ('0243-0267','1');
INSERT INTO Carrello VALUES ('4386-1412','3');
INSERT INTO Carrello VALUES ('8960-4126','2');
INSERT INTO Carrello VALUES ('9143-0144','2');
INSERT INTO Carrello VALUES ('0096-0768','2');
INSERT INTO Carrello VALUES ('8198-4234','1');
INSERT INTO Carrello VALUES ('5436-0113','1');
INSERT INTO Carrello VALUES ('1246-7698','2');
INSERT INTO Carrello VALUES ('0823-6548','3');
INSERT INTO Carrello VALUES ('0126-1118','1');
INSERT INTO Carrello VALUES ('7234-0237','1');
INSERT INTO Carrello VALUES ('8932-4322','1');
INSERT INTO Carrello VALUES ('5112-9956','2');
INSERT INTO Carrello VALUES ('1230-1204','3');
INSERT INTO Carrello VALUES ('0234-7858','2');
INSERT INTO Carrello VALUES ('8238-4178','1');
INSERT INTO Carrello VALUES ('8111-0144','2');
INSERT INTO Carrello VALUES ('0006-0222','4');
INSERT INTO Carrello VALUES ('0803-0840','1');
INSERT INTO Carrello VALUES ('0446-3698','2');
INSERT INTO Carrello VALUES ('3553-0248','1');


-- PRODOTTO
INSERT INTO prodotto VALUES ('11293278','Ricotta Salata Aversana 250gr', 4.99);
INSERT INTO prodotto VALUES ('91753490','Mozzarella di Bufala 500gr', 9.50);
INSERT INTO prodotto VALUES ('65464264','Formaggio Caciocavallo 1kg', 19.90);
INSERT INTO prodotto VALUES ('73457345','Provola di Agerola 500gr', 8.70);
INSERT INTO prodotto VALUES ('12321321','Formaggio Grana Padano 1kg', 12.90);
INSERT INTO prodotto VALUES ('34513434','Auricchio Piccante 1kg',12.00);
INSERT INTO prodotto VALUES ('43223125','Mozzarella in Treccia 1kg',15.90);
INSERT INTO prodotto VALUES ('34313412','Provola Sorrentina 1kg', 9.20);
INSERT INTO prodotto VALUES ('63562818','Burrata al Tartufo 120gr', 10.00);
INSERT INTO prodotto VALUES ('45643453','Yogurt Agropolese 150gr',7.90);
INSERT INTO prodotto VALUES ('44343545','Ricotta di Pecora Salernitana 500gr',12.80);
INSERT INTO prodotto VALUES ('45532442','Robiola Aversana 250gr',8.40);
INSERT INTO prodotto VALUES ('12464765','Stracchino di Bufala 500gr',12.70);
INSERT INTO prodotto VALUES ('23446666','Burro Beneventano 1kg', 15.70);
INSERT INTO prodotto VALUES ('67763244','Mozzarella Mista 500gr', 8.40);
INSERT INTO prodotto VALUES ('46437634','Panna Avellinese 500ml',3.99);
INSERT INTO prodotto VALUES ('41534365','Provolone del Monaco 500gr',24.99);
INSERT INTO prodotto VALUES ('34243215','Caciottina canestrata di Sorrento 1Kg',22.50);
INSERT INTO prodotto VALUES ('56547775','Treccia di Montella 250gr',13.99);
INSERT INTO prodotto VALUES ('34523677','Gorgonzola Dolce DOP Casertano 500gr', 4.99);

-- PROMOZIONE
INSERT INTO Promozione VALUES ('2745','01-LUG-2021',40, '11293278');
INSERT INTO Promozione VALUES ('6223','04-OTT-2022',35, '91753490');
INSERT INTO Promozione VALUES ('4511','23-SET-2021',60, '65464264');
INSERT INTO Promozione VALUES ('5500','01-NOV-2022',20, '73457345');
INSERT INTO Promozione VALUES ('7045','24-NOV-2022',10, '12321321');
INSERT INTO Promozione VALUES ('1389','12-APR-2021',50, '34513434');
INSERT INTO Promozione VALUES ('2045','16-MAG-2022',15, '43223125');
INSERT INTO Promozione VALUES ('9111','08-GIU-2023',45, '34313412');
INSERT INTO Promozione VALUES ('3646','22-GIU-2021',30, '63562818');
INSERT INTO Promozione VALUES ('0478','03-AGO-2022',25, '45643453');
INSERT INTO Promozione VALUES ('8289','22-SET-2021',25, '44343545');
INSERT INTO Promozione VALUES ('0497','06-DIC-2021',30, '45532442');
INSERT INTO Promozione VALUES ('5534','01-MAR-2022',60, '12464765');
INSERT INTO Promozione VALUES ('7512','04-MAR-2023',15, '23446666');
INSERT INTO Promozione VALUES ('3467','07-MAR-2023',20, '67763244');
INSERT INTO Promozione VALUES ('0287','15-MAG-2022',25, '46437634');
INSERT INTO Promozione VALUES ('1923','26-GIU-2021',15, '41534365');
INSERT INTO Promozione VALUES ('7012','14-OTT-2021',20,'34243215');
INSERT INTO Promozione VALUES ('2300','14-GEN-2022',20,'56547775');
INSERT INTO Promozione VALUES ('5334','01-LUG-2022',25,'34523677');
INSERT INTO Promozione VALUES ('7523','26-LUG-2022',30,'11293278');
INSERT INTO Promozione VALUES ('4112','04-OTT-2023',35,'91753490');
INSERT INTO Promozione VALUES ('3167','06-SET-2021',20,'65464264');
INSERT INTO Promozione VALUES ('9934','02-DIC-2021',25,'73457345');
INSERT INTO Promozione VALUES ('9600','08-DIC-2021',25,'12321321');

-- UTILIZZA
INSERT INTO utilizza VALUES ('AASS6876','26-GEN-2020','0497');
INSERT INTO utilizza VALUES ('AASS6876','04-OTT-2021','5534');
INSERT INTO utilizza VALUES ('AASS6876','26-MAR-2020 ','0287');

INSERT INTO utilizza VALUES ('WPFG5097','26-GEN-2020','0497');
INSERT INTO utilizza VALUES ('WPFG5097','26-MAR-2020 ','9111');
INSERT INTO utilizza VALUES ('WPFG5097','02-GEN-2021','0478');

INSERT INTO utilizza VALUES ('NIPU3367','26-GEN-2020','9111');
INSERT INTO utilizza VALUES ('NIPU3367','26-MAR-2020 ','3467');

INSERT INTO utilizza VALUES ('UYRN4573','26-GEN-2020','5334');
INSERT INTO utilizza VALUES ('UYRN4573','26-MAR-2020 ','1923');

INSERT INTO utilizza VALUES ('LRIH2946','02-GEN-2021','8289');
INSERT INTO utilizza VALUES ('LRIH2946','04-OTT-2021','0497');
INSERT INTO utilizza VALUES ('LRIH2946','26-GEN-2020','0478');
INSERT INTO utilizza VALUES ('LRIH2946','26-MAR-2020 ','8289');

INSERT INTO utilizza VALUES ('IURL5343','04-OTT-2021','2045');
INSERT INTO utilizza VALUES ('IURL5343','26-GEN-2020','2300');
INSERT INTO utilizza VALUES ('IURL5343','17-OTT-2021','7012');

INSERT INTO utilizza VALUES ('DOUS1723','17-OTT-2021','9934');
INSERT INTO utilizza VALUES ('DOUS1723','26-MAR-2020 ','8289');

INSERT INTO utilizza VALUES ('INER9666','17-OTT-2021','9111');
INSERT INTO utilizza VALUES ('INER9666','04-OTT-2021','6223');

INSERT INTO utilizza VALUES ('JPHA6328','17-OTT-2021','9934');
INSERT INTO utilizza VALUES ('JPHA6328','02-GEN-2021','3167');
INSERT INTO utilizza VALUES ('JPHA6328','04-OTT-2021','7012');

INSERT INTO utilizza VALUES ('HDOE3730','02-GEN-2021','7523');
INSERT INTO utilizza VALUES ('HDOE3730','17-OTT-2021','6223');

INSERT INTO utilizza VALUES ('SODL9486','04-OTT-2021','4112');
INSERT INTO utilizza VALUES ('SODL9486','17-OTT-2021','7512');

INSERT INTO utilizza VALUES ('DVWP7236','02-GEN-2021','9600');
INSERT INTO utilizza VALUES ('DVWP7236','04-OTT-2021','1923');
INSERT INTO utilizza VALUES ('DVWP7236','17-OTT-2021','2745');





-- E_PARTE
INSERT INTO e_parte VALUES ('11293278','0156-0188');
INSERT INTO e_parte VALUES ('91753490','0156-0188');
INSERT INTO e_parte VALUES ('65464264','0266-0587');
INSERT INTO e_parte VALUES ('73457345','4116-4412');
INSERT INTO e_parte VALUES ('12321321','4116-4412');
INSERT INTO e_parte VALUES ('34513434','4116-4412');
INSERT INTO e_parte VALUES ('43223125','5146-4256');
INSERT INTO e_parte VALUES ('34313412','5146-4256');
INSERT INTO e_parte VALUES ('63562818','5146-4256');
INSERT INTO e_parte VALUES ('45643453','5146-4256');
INSERT INTO e_parte VALUES ('44343545','0155-0984');
INSERT INTO e_parte VALUES ('45532442','0155-0984');
INSERT INTO e_parte VALUES ('12464765','0186-0458');
INSERT INTO e_parte VALUES ('23446666','0186-0458');
INSERT INTO e_parte VALUES ('67763244','8158-4478');
INSERT INTO e_parte VALUES ('46437634','8156-0144');
INSERT INTO e_parte VALUES ('41534365','8156-0144');
INSERT INTO e_parte VALUES ('34243215','0446-0698');
INSERT INTO e_parte VALUES ('56547775','0446-0698');
INSERT INTO e_parte VALUES ('34523677','0858-0848');
INSERT INTO e_parte VALUES ('11293278','0858-0848');
INSERT INTO e_parte VALUES ('91753490','0256-0148');
INSERT INTO e_parte VALUES ('65464264','0256-0148');
INSERT INTO e_parte VALUES ('73457345','0256-0148');
INSERT INTO e_parte VALUES ('12321321','0256-0148');
INSERT INTO e_parte VALUES ('34513434','4216-0148');
INSERT INTO e_parte VALUES ('43223125','4216-0148');
INSERT INTO e_parte VALUES ('34313412','4216-0148');
INSERT INTO e_parte VALUES ('63562818','0156-0688');
INSERT INTO e_parte VALUES ('45643453','0156-0688');
INSERT INTO e_parte VALUES ('44343545','0106-0768');
INSERT INTO e_parte VALUES ('45532442','0106-0768');
INSERT INTO e_parte VALUES ('12464765','0057-0888');
INSERT INTO e_parte VALUES ('23446666','0057-0888');
INSERT INTO e_parte VALUES ('67763244','0057-0888');
INSERT INTO e_parte VALUES ('46437634','0199-0388');
INSERT INTO e_parte VALUES ('41534365','0156-0183');
INSERT INTO e_parte VALUES ('34243215','0156-0183');
INSERT INTO e_parte VALUES ('56547775','0156-0183');
INSERT INTO e_parte VALUES ('34523677','0156-6288');
INSERT INTO e_parte VALUES ('11293278','0156-6288');
INSERT INTO e_parte VALUES ('91753490','0156-6288');
INSERT INTO e_parte VALUES ('65464264','0156-6288');
INSERT INTO e_parte VALUES ('73457345','0156-7832');
INSERT INTO e_parte VALUES ('12321321','0156-7832');
INSERT INTO e_parte VALUES ('34513434','1256-0548');
INSERT INTO e_parte VALUES ('43223125','1256-0548');
INSERT INTO e_parte VALUES ('34313412','1256-0548');
INSERT INTO e_parte VALUES ('63562818','1256-0548');
INSERT INTO e_parte VALUES ('45643453','0012-1288');
INSERT INTO e_parte VALUES ('44343545','0243-0267');
INSERT INTO e_parte VALUES ('45532442','4386-1412');
INSERT INTO e_parte VALUES ('12464765','4386-1412');
INSERT INTO e_parte VALUES ('23446666','4386-1412');
INSERT INTO e_parte VALUES ('67763244','8960-4126');
INSERT INTO e_parte VALUES ('46437634','8960-4126');
INSERT INTO e_parte VALUES ('41534365','9143-0144');
INSERT INTO e_parte VALUES ('34243215','9143-0144');
INSERT INTO e_parte VALUES ('56547775','0096-0768');
INSERT INTO e_parte VALUES ('34523677','0096-0768');
INSERT INTO e_parte VALUES ('11293278','8198-4234');
INSERT INTO e_parte VALUES ('91753490','5436-0113');
INSERT INTO e_parte VALUES ('65464264','1246-7698');
INSERT INTO e_parte VALUES ('73457345','1246-7698');
INSERT INTO e_parte VALUES ('12321321','0823-6548');
INSERT INTO e_parte VALUES ('34513434','0823-6548');
INSERT INTO e_parte VALUES ('43223125','0823-6548');
INSERT INTO e_parte VALUES ('34313412','0126-1118');
INSERT INTO e_parte VALUES ('63562818','7234-0237');
INSERT INTO e_parte VALUES ('45643453','8932-4322');
INSERT INTO e_parte VALUES ('44343545','5112-9956');
INSERT INTO e_parte VALUES ('45532442','5112-9956');
INSERT INTO e_parte VALUES ('12464765','1230-1204');
INSERT INTO e_parte VALUES ('23446666','1230-1204');
INSERT INTO e_parte VALUES ('67763244','1230-1204');
INSERT INTO e_parte VALUES ('46437634','0234-7858');
INSERT INTO e_parte VALUES ('41534365','0234-7858');
INSERT INTO e_parte VALUES ('34243215','8238-4178');
INSERT INTO e_parte VALUES ('56547775','8111-0144');
INSERT INTO e_parte VALUES ('34523677','8111-0144');
INSERT INTO e_parte VALUES ('11293278','0006-0222');
INSERT INTO e_parte VALUES ('91753490','0006-0222');
INSERT INTO e_parte VALUES ('65464264','0006-0222');
INSERT INTO e_parte VALUES ('73457345','0006-0222');
INSERT INTO e_parte VALUES ('12321321','0803-0840');
INSERT INTO e_parte VALUES ('34513434','0446-3698');
INSERT INTO e_parte VALUES ('43223125','0446-3698');
INSERT INTO e_parte VALUES ('34313412','3553-0248');


-- ACQUISTA
INSERT INTO acquista VALUES ('ZCBXRN51H21Z713W','0156-0188');
INSERT INTO acquista VALUES ('ZCBXRN51H21Z713W','0266-0587');
INSERT INTO acquista VALUES ('ZCBXRN51H21Z713W','4116-4412');
INSERT INTO acquista VALUES ('SSXDDF70L44D882J','5146-4256');
INSERT INTO acquista VALUES ('SSXDDF70L44D882J','0155-0984');
INSERT INTO acquista VALUES ('SSXDDF70L44D882J','0186-0458');
INSERT INTO acquista VALUES ('DDJRZZ65B24A666H','8158-4478');
INSERT INTO acquista VALUES ('DDJRZZ65B24A666H','8156-0144');
INSERT INTO acquista VALUES ('SPMGVQ58R53G771S','0446-0698');
INSERT INTO acquista VALUES ('SPMGVQ58R53G771S','0858-0848');
INSERT INTO acquista VALUES ('KNVPMB79B43H365Z','0256-0148');
INSERT INTO acquista VALUES ('KNVPMB79B43H365Z','4216-0148');
INSERT INTO acquista VALUES ('KNVPMB79B43H365Z','0156-0688');
INSERT INTO acquista VALUES ('KNVPMB79B43H365Z','0106-0768');
INSERT INTO acquista VALUES ('NMAWJT72S46H729K','0057-0888');
INSERT INTO acquista VALUES ('NMAWJT72S46H729K','0199-0388');
INSERT INTO acquista VALUES ('NMAWJT72S46H729K','0156-0183');
INSERT INTO acquista VALUES ('PLOKWZ89H58B350J','0156-6288');
INSERT INTO acquista VALUES ('PLOKWZ89H58B350J','0156-7832');
INSERT INTO acquista VALUES ('JVGDPD66C03C557G','1256-0548');
INSERT INTO acquista VALUES ('JVGDPD66C03C557G','0012-1288');
INSERT INTO acquista VALUES ('VOOBJV42S66E970Z','0243-0267');
INSERT INTO acquista VALUES ('VOOBJV42S66E970Z','4386-1412');
INSERT INTO acquista VALUES ('VOOBJV42S66E970Z','8960-4126');
INSERT INTO acquista VALUES ('RTQPCR82C30F175V','9143-0144');
INSERT INTO acquista VALUES ('RTQPCR82C30F175V','0446-3698');
INSERT INTO acquista VALUES ('HKOGPP55A30B710B','0096-0768');
INSERT INTO acquista VALUES ('YFGZZB70A18E273Y','8198-4234');
INSERT INTO acquista VALUES ('YFGZZB70A18E273Y','5436-0113');
INSERT INTO acquista VALUES ('DNHMTX45C61E687Z','1246-7698');
INSERT INTO acquista VALUES ('DNHMTX45C61E687Z','0823-6548');
INSERT INTO acquista VALUES ('DNHMTX45C61E687Z','0126-1118');
INSERT INTO acquista VALUES ('GZSVCJ41S09F880H','7234-0237');
INSERT INTO acquista VALUES ('SYYHNX36E69E199L','8932-4322');
INSERT INTO acquista VALUES ('NRRFLB64D23I997P','5112-9956');
INSERT INTO acquista VALUES ('SIEVNM76S49B966D','1230-1204');
INSERT INTO acquista VALUES ('NRRFLB64D23I997P','0234-7858');
INSERT INTO acquista VALUES ('MPGRZQ71T13A806W','8238-4178');
INSERT INTO acquista VALUES ('LPRLJN42C55M287S','8111-0144');
INSERT INTO acquista VALUES ('MPGRZQ71T13A806W','0006-0222');
INSERT INTO acquista VALUES ('PYCNHT84B57D547H','0803-0840');
INSERT INTO acquista VALUES ('PYCNHT84B57D547H','3553-0248');

-- CERTIFICATO
INSERT INTO Certificato VALUES ('654123', 'T', '05-MAR-2019', 'SYYHNX36E69E199L');
INSERT INTO Certificato VALUES ('951753', 'F', '19-GIU-2020', 'ZCBXRN51H21Z713W');
INSERT INTO Certificato VALUES ('456542', 'T', '06-SET-2019', 'LQVXTT93D13C516A');
INSERT INTO Certificato VALUES ('654982', 'T', '25-DIC-2019', 'ZCXDMB48A29C263D');
INSERT INTO Certificato VALUES ('326598', 'T', '14-FEB-2019', 'TGTGGZ73T66Z121G');
INSERT INTO Certificato VALUES ('874521', 'T', '16-GIU-2020', 'GBVFRJ57C21H911A');
INSERT INTO Certificato VALUES ('156324', 'T', '08-OTT-2020', 'GBVFRJ57C21H911A');
INSERT INTO Certificato VALUES ('956238', 'F', '09-NOV-2019', 'STVGRZ45R12D768X');
INSERT INTO Certificato VALUES ('121245', 'T', '05-APR-2020', 'DVFMHS72P52A896H');
INSERT INTO Certificato VALUES ('656523', 'F', '29-MAG-2019', 'HCFPRC75P26C754C');
INSERT INTO Certificato VALUES ('346565', 'T', '10-SET-2019', 'HCFPRC75P26C754C');
INSERT INTO Certificato VALUES ('345875', 'T', '22-APR-2019', 'THZDPB56R71F914R');
INSERT INTO Certificato VALUES ('856345', 'F', '20-LUG-2019', 'TFIXPC43C53I604X');
INSERT INTO Certificato VALUES ('092432', 'T', '01-MAR-2019', 'JCMHST46T48F408I');
INSERT INTO Certificato VALUES ('123321', 'T', '25-DIC-2019', 'DPUKRM43P67B641W');
INSERT INTO Certificato VALUES ('234654', 'T', '15-LUG-2019', 'LHCGAU31A68H752H');
INSERT INTO Certificato VALUES ('442557', 'T', '02-FEB-2020', 'VFDZZK60P08D760O');
INSERT INTO Certificato VALUES ('345098', 'T', '30-APR-2019', 'PYCNHT84B57D547H');
INSERT INTO Certificato VALUES ('098123', 'T', '02-GEN-2020', 'GDNPNR98L22E585M');
INSERT INTO Certificato VALUES ('123987', 'F', '12-MAG-2019', 'SSXDDF70L44D882J');
INSERT INTO Certificato VALUES ('235023', 'T', '02-APR-2019', 'SYYHNX36E69E199L');
INSERT INTO Certificato VALUES ('623012', 'T', '21-GEN-2019', 'ZCXDMB48A29C263D');
INSERT INTO Certificato VALUES ('001324', 'F', '01-NOV-2020', 'GBVFRJ57C21H911A');
INSERT INTO Certificato VALUES ('334517', 'T', '10-OTT-2020', 'HCFPRC75P26C754C');
INSERT INTO Certificato VALUES ('855143', 'F', '27-AGO-2019', 'PYCNHT84B57D547H');

-- ALLEVATORE
INSERT INTO Allevatore VALUES ('00468990015','Border factor',69,'Intensivo','Via Emanuele Gianturco', '80452','Ariano Irpino');
INSERT INTO Allevatore VALUES ('00478290015','Batuffolo d''oro',97,'Estensivo','Via Togliatti','80321','Sessa Aurunca');
INSERT INTO Allevatore VALUES ('00347199288','Areniello',98,'Intensivo','Via Aldo Moro','80164','Eboli');
INSERT INTO Allevatore VALUES ('03048989921','Casa Silvia',157,'Intensivo','Via Pittore','80035','Nola');
INSERT INTO Allevatore VALUES ('00445900065','MuccaPazza',166,'Estensivo','Via Salvator Rosa','81592','Benevento');
INSERT INTO Allevatore VALUES ('03992148782','De nomas MP',170,'Estensivo','Piazza Vittorio Emanuele II','80012','Paestum');
INSERT INTO Allevatore VALUES ('01898932223','Dei 7 campi',190,'Intensivo','Via IV Novembre','80184','Napoli');
INSERT INTO Allevatore VALUES ('00348999127','Mucche e Capre Sena',48,'Estensivo','Via Alessandro Manzoni','76231','Capaccio');
INSERT INTO Allevatore VALUES ('04240999412','Allevamento agricolo Salerno',102,'Estensivo','Via Patacca','15839' ,'Montesano');
INSERT INTO Allevatore VALUES ('04309001112','Bovini De Filippo',82,'Intensivo','Via Armando Diaz','25365','Bisaccia');
INSERT INTO Allevatore VALUES ('05398983255','Carni e dele Scisciano',166,'Intensivo','Via S. Cristoforo','66958','Morcone');
INSERT INTO Allevatore VALUES ('03904837983','Latteria Del Sole',300,'Estensivo','Piazza della Meridiana','65842','Calitri');
INSERT INTO Allevatore VALUES ('03487819911','Allevamento Castel Volturno',157,'Estensivo','Via Giuseppe Verdi','45698','Giugliano');
INSERT INTO Allevatore VALUES ('43878934311','Carni sas Commercio bovini',171,'Intensivo','Via Francesco Cappiello','69855','Giffoni Valle Piana');
INSERT INTO Allevatore VALUES ('04308991123','Azienda Centro Zootecnico',99,'Intensivo','Via Tuffarelli Bolino','45618','Montella');

-- ANIMALE
INSERT INTO Animale VALUES ('176234','Bovino','12-MAG-2017',255,'00468990015','654123');
INSERT INTO Animale VALUES ('764578','Ovino','25-DIC-2018',145,'00478290015','951753');
INSERT INTO Animale VALUES ('400633','Caprino','20-LUG-2017',55,'00468990015','456542');
INSERT INTO Animale VALUES ('456734','Caprino','18-OTT-2018',60,'00347199288','654982');
INSERT INTO Animale VALUES ('542897','Ovino','30-GEN-2018',65,'01898932223','326598');
INSERT INTO Animale VALUES ('010143','Bovino','06-DIC-2017',300,'00347199288','874521');
INSERT INTO Animale VALUES ('135564','Bovino','31-GEN-2018',197,'01898932223','156324');
INSERT INTO Animale VALUES ('674421','Bovino','05-MAR-2017',230,'00445900065','956238');
INSERT INTO Animale VALUES ('865321','Caprino','18-APR-2018',50,'03048989921','121245');
INSERT INTO Animale VALUES ('150067','Ovino','30-MAG-2017',160,'03992148782','656523');
INSERT INTO Animale VALUES ('908063','Caprino','03-MAR-2018',55,'00445900065','346565');
INSERT INTO Animale VALUES ('032912','Bovino','11-SET-2018',208,'03048989921','345875');
INSERT INTO Animale VALUES ('051108','Bovino','18-AGO-2018',267,'03992148782','856345');
INSERT INTO Animale VALUES ('963116','Ovino','06-AGO-2017',87,'04240999412', '092432');
INSERT INTO Animale VALUES ('516159','Bovino','30-MAR-2018',301,'00478290015','123321');
INSERT INTO Animale VALUES ('546155','Ovino','27-SET-2018',98,'01898932223','234654');
INSERT INTO Animale VALUES ('975644','Caprino','16-DIC-2018',60,'00348999127', '442557');
INSERT INTO Animale VALUES ('512151','Caprino','02-NOV-2017',49,'00348999127','345098');
INSERT INTO Animale VALUES ('512054','Ovino','26-NOV-2018',65,'03904837983','098123');
INSERT INTO Animale VALUES ('886954','Ovino','19-AGO-2017',75,'03904837983','123987');
INSERT INTO Animale VALUES ('421058','Bovino','06-LUG-2018',231,'04309001112','235023');
INSERT INTO Animale VALUES ('511564','Ovino','01-FEB-2018',98,'03487819911','623012');
INSERT INTO Animale VALUES ('145885','Caprino','17-NOV-2017',59,'43878934311','001324');
INSERT INTO Animale VALUES ('356065','Caprino','03-AGO-2018',60,'04308991123','334517');
INSERT INTO Animale VALUES ('159951','Ovino','26-MAR-2017',150,'04308991123','855143');

-- DIPENDENTECASEIFICIO
INSERT INTO DipendenteCaseificio VALUES ('01423','Gennaro','Esposito','04-APR-1975',48,30,'Casaro');
INSERT INTO DipendenteCaseificio VALUES ('05023','Anna','Fiengo','16-LUG-1981',48,30,'Casaro');
INSERT INTO DipendenteCaseificio VALUES ('07595','Luca','Nocerino','01-SET-1978',48,30,'Casaro');
INSERT INTO DipendenteCaseificio VALUES ('54234','Amarilli','Rossetti','28-OTT-1981', 48,20,'Cassiere');
INSERT INTO DipendenteCaseificio VALUES ('65482','Paolo','Neri','06-MAR-1988', 48,20,'Cassiere');
INSERT INTO DipendenteCaseificio VALUES ('54144','Mario','Eliberti','19-OTT-1991', 48,20,'Cassiere');
INSERT INTO DipendenteCaseificio VALUES ('21514','Davide','Pigro','20-SET-1990', 48,20,'Cassiere');
INSERT INTO DipendenteCaseificio VALUES ('44524','Jose','Milano','10-NOV-1985', 48,20,'Cassiere');
INSERT INTO DipendenteCaseificio VALUES ('12376','Alcina','Caputo','29-NOV-1981',41,15,'Addetto');
INSERT INTO DipendenteCaseificio VALUES ('00642','Adolfo','Montanari','01-OTT-1983',48, 15 ,'Addetto');
INSERT INTO DipendenteCaseificio VALUES ('23452','Lina','Guerra','20-AGO-1990',45,15,'Addetto');
INSERT INTO DipendenteCaseificio VALUES ('12470','Moreno','Palmieri','31-OTT-1985',47,15,'Addetto');
INSERT INTO DipendenteCaseificio VALUES ('41532','Boris','Bernardi','12-LUG-1986',40,15 ,'Addetto');
INSERT INTO DipendenteCaseificio VALUES ('58624','Agave','Martino','17-AGO-1996',42,15 ,'Addetto');
INSERT INTO DipendenteCaseificio VALUES ('65411','Abramo','Fiore','08-GIU-1978',40,15 ,'Addetto');
INSERT INTO DipendenteCaseificio VALUES ('08932','Giulia','De Rosa','22-OTT-1970',48,15 ,'Addetto');
INSERT INTO DipendenteCaseificio VALUES ('76214','Gilberto','Ferretti','09-OTT-1971',44,15 ,'Addetto');
INSERT INTO DipendenteCaseificio VALUES ('10302','Augusoto','Bellini','03-NOV-1972',43, 15,'Addetto');
INSERT INTO DipendenteCaseificio VALUES ('05732','Modesto','Basile','03-SET-1973',42,15 ,'Addetto');
INSERT INTO DipendenteCaseificio VALUES ('23456','Gail','Riva','10-APR-1990',41, 15,'Addetto');
INSERT INTO DipendenteCaseificio VALUES ('34612','Aramis','Donati','30-GEN-1974',40,15 ,'Addetto');
INSERT INTO DipendenteCaseificio VALUES ('55224','Dominick','Ferraro','20-LUG-2000',40,15 ,'Trasportatore');
INSERT INTO DipendenteCaseificio VALUES ('98563','Giovanni','Serra','07-MAG-2000',45,15,'Trasportatore');
INSERT INTO DipendenteCaseificio VALUES ('34764','Gaspare','Battaglia','11-MAG-1981',40,15 ,'Trasportatore');
INSERT INTO DipendenteCaseificio VALUES ('23621','Francesco','Palumbo','06-LUG-1997',42,15,'Trasportatore');
INSERT INTO DipendenteCaseificio VALUES ('23056','Gea','Neri','02-MAG-1985',41,15,'Trasportatore');
INSERT INTO DipendenteCaseificio VALUES ('78753','Azzurra','Costantini','16-NOV-1989',40,15,'Trasportatore');
INSERT INTO DipendenteCaseificio VALUES ('55312','Asteria','Milani','18-NOV-1991',42,15,'Trasportatore');
INSERT INTO DipendenteCaseificio VALUES ('08432','Attilio','Pagano','13-DIC-1991',48,15,'Trasportatore');
INSERT INTO DipendenteCaseificio VALUES ('23843','Mainard','Ruggiero','03-MAR-1992',45,15,'Trasportatore');
INSERT INTO DipendenteCaseificio VALUES ('12652','Angela','Sorrentino','22-DIC-1992',40,15,'Trasportatore');

-- CELLULARE DIPENDENTE
INSERT INTO CellulareDipendente VALUES ('01423','3788330965');
INSERT INTO CellulareDipendente VALUES ('01423','4342330965');
INSERT INTO CellulareDipendente VALUES ('07595','4501515800');
INSERT INTO CellulareDipendente VALUES ('54234','1515068555');
INSERT INTO CellulareDipendente VALUES ('54234','5445330965');
INSERT INTO CellulareDipendente VALUES ('54234','5353330960');
INSERT INTO CellulareDipendente VALUES ('65482','5353330960');
INSERT INTO CellulareDipendente VALUES ('54144','5353330960');
INSERT INTO CellulareDipendente VALUES ('21514','5353330960');
INSERT INTO CellulareDipendente VALUES ('44524','5353330960');
INSERT INTO CellulareDipendente VALUES ('12376','3434330960');
INSERT INTO CellulareDipendente VALUES ('00642','6788576769');
INSERT INTO CellulareDipendente VALUES ('23452','3734324969');
INSERT INTO CellulareDipendente VALUES ('12470','3785358096');
INSERT INTO CellulareDipendente VALUES ('41532','2388330896');
INSERT INTO CellulareDipendente VALUES ('41532','3734134309');
INSERT INTO CellulareDipendente VALUES ('58624','3784504546');
INSERT INTO CellulareDipendente VALUES ('65411','3734032096');
INSERT INTO CellulareDipendente VALUES ('08932','3745450309');
INSERT INTO CellulareDipendente VALUES ('76214','3343833090');
INSERT INTO CellulareDipendente VALUES ('76214','3423347089');
INSERT INTO CellulareDipendente VALUES ('10302','3432403246');
INSERT INTO CellulareDipendente VALUES ('05732','7727025224');
INSERT INTO CellulareDipendente VALUES ('23456','6254503344');
INSERT INTO CellulareDipendente VALUES ('34612','5366630443');
INSERT INTO CellulareDipendente VALUES ('55224','1553343045');
INSERT INTO CellulareDipendente VALUES ('98563','6540652243');
INSERT INTO CellulareDipendente VALUES ('34764','5113034424');
INSERT INTO CellulareDipendente VALUES ('23621','2522305635');
INSERT INTO CellulareDipendente VALUES ('23056','3633440415');
INSERT INTO CellulareDipendente VALUES ('78753','5151342033');
INSERT INTO CellulareDipendente VALUES ('55312','5243413606');
INSERT INTO CellulareDipendente VALUES ('08432','5151214055');
INSERT INTO CellulareDipendente VALUES ('08432','1424110133');
INSERT INTO CellulareDipendente VALUES ('23843','5555334404');
INSERT INTO CellulareDipendente VALUES ('12652','1141414044');

-- REPARTO
INSERT INTO Reparto VALUES ('REP01','Ricotta',5);
INSERT INTO Reparto VALUES ('REP02','Salamoia',5);
INSERT INTO Reparto VALUES ('REP03','Stufatura',5);
INSERT INTO Reparto VALUES ('REP04','Lavaggio',5);
INSERT INTO Reparto VALUES ('REP05','Confezionamento',3);
INSERT INTO Reparto VALUES ('REP06','Vendite',1);
INSERT INTO Reparto VALUES ('REP07','Pastorizzazione',3);
INSERT INTO Reparto VALUES ('REP08','Laboratorio',9);
INSERT INTO Reparto VALUES ('REP09','Deposito',7);
INSERT INTO Reparto VALUES ('REP10','Centrale Termica',3);
INSERT INTO Reparto VALUES ('REP11','Centrale Frigorifera',2);
INSERT INTO Reparto VALUES ('REP12','Mozzarella',5);
INSERT INTO Reparto VALUES ('REP13','Accoglienza',2);
INSERT INTO Reparto VALUES ('REP14','Yogurt',3);
INSERT INTO Reparto VALUES ('REP15','Burro',3);

-- VEICOLO
INSERT INTO Veicolo VALUES ('BB543HR', '1200' ,'Autocarro');
INSERT INTO Veicolo VALUES ('AA236JS', '29000' ,'Cisterna');
INSERT INTO Veicolo VALUES ('CF623YR', '800' ,'Autocarro');
INSERT INTO Veicolo VALUES ('AD647WR', '10000' ,'Scarrabile');
INSERT INTO Veicolo VALUES ('BE366GA', '31000' ,'Cisterna');
INSERT INTO Veicolo VALUES ('QQ363AV', '1400' ,'Autocarro');
INSERT INTO Veicolo VALUES ('EQ347GS', '8500' ,'Rimorchio');
INSERT INTO Veicolo VALUES ('EE518TT', '9000' ,'Scarrabile');
INSERT INTO Veicolo VALUES ('AE753WE', '7500' ,'Scarrabile');
INSERT INTO Veicolo VALUES ('EA721TE', '30000' ,'Cisterna');
INSERT INTO Veicolo VALUES ('BA854HF', '950' ,'Autocarro');
INSERT INTO Veicolo VALUES ('BB537TE', '9000' ,'Rimorchio');
INSERT INTO Veicolo VALUES ('AH532QW', '800' ,'Autocarro');
INSERT INTO Veicolo VALUES ('AE658HG', '6800' ,'Rimorchio');
INSERT INTO Veicolo VALUES ('AI133CW', '10000' ,'Scarrabile');

-- TURNO LAVORATIVO
INSERT INTO TurnoLavorativo VALUES ('24-GEN-2020','REP01','54234','01423');
INSERT INTO TurnoLavorativo VALUES ('25-GEN-2020','REP02','65482','05023');
INSERT INTO TurnoLavorativo VALUES ('26-GEN-2020','REP06','54144','01423');
INSERT INTO TurnoLavorativo VALUES ('05-FEB-2020','REP02','54234','07595');
INSERT INTO TurnoLavorativo VALUES ('14-FEB-2020','REP03','65482','01423');
INSERT INTO TurnoLavorativo VALUES ('26-MAR-2020','REP06','65482','07595');
INSERT INTO TurnoLavorativo VALUES ('15-LUG-2020','REP04','54234','05023');
INSERT INTO TurnoLavorativo VALUES ('04-AGO-2020','REP05','65482','07595');
INSERT INTO TurnoLavorativo VALUES ('19-SET-2020','REP06','54144','01423');
INSERT INTO TurnoLavorativo VALUES ('06-NOV-2020','REP07','21514','05023');
INSERT INTO TurnoLavorativo VALUES ('08-NOV-2020','REP07','65482','07595');
INSERT INTO TurnoLavorativo VALUES ('20-NOV-2020','REP08','21514','07595');
INSERT INTO TurnoLavorativo VALUES ('11-DIC-2020','REP09','54144','05023');
INSERT INTO TurnoLavorativo VALUES ('26-DIC-2020','REP06','65482','01423');
INSERT INTO TurnoLavorativo VALUES ('02-GEN-2021','REP06','54144','01423');
INSERT INTO TurnoLavorativo VALUES ('01-MAR-2021','REP10','21514','07595');
INSERT INTO TurnoLavorativo VALUES ('30-MAG-2021','REP11','44524','01423');
INSERT INTO TurnoLavorativo VALUES ('09-LUG-2021','REP12','54144','05023');
INSERT INTO TurnoLavorativo VALUES ('27-SET-2021','REP13','44524','07595');
INSERT INTO TurnoLavorativo VALUES ('28-SET-2021','REP14','54144','01423');
INSERT INTO TurnoLavorativo VALUES ('30-SET-2021','REP15','44524','05023');
INSERT INTO TurnoLavorativo VALUES ('04-OTT-2021','REP06','65482','07595');
INSERT INTO TurnoLavorativo VALUES ('15-OTT-2021','REP15','54234','07595');
INSERT INTO TurnoLavorativo VALUES ('17-OTT-2021','REP06','54144','01423');
INSERT INTO TurnoLavorativo VALUES ('25-OTT-2021','REP12','54144','07595');
INSERT INTO TurnoLavorativo VALUES ('30-OTT-2021','REP06','54144','01423');
INSERT INTO TurnoLavorativo VALUES ('02-NOV-2021','REP05','44524','05023');
INSERT INTO TurnoLavorativo VALUES ('22-NOV-2021','REP06','54144','01423');
INSERT INTO TurnoLavorativo VALUES ('15-NOV-2021','REP09','65482','07595');
INSERT INTO TurnoLavorativo VALUES ('25-NOV-2021','REP11','65482','01423');
INSERT INTO TurnoLavorativo VALUES ('03-DIC-2021','REP07','44524','05023');
INSERT INTO TurnoLavorativo VALUES ('15-DIC-2021','REP09','65482','07595');
INSERT INTO TurnoLavorativo VALUES ('18-DIC-2021','REP06','54144','07595');
INSERT INTO TurnoLavorativo VALUES ('26-DIC-2021','REP04','54144','05023');

-- LATTE
INSERT INTO Latte VALUES ('0951222','29-DIC-2019','29-DIC-2021','Latte Bovino', 210,'36°-39°°','24-GEN-2020','REP01');
INSERT INTO Latte VALUES ('0912345','05-GEN-2019','05-GEN-2021','Latte Caprino',65,'72°-78°','25-GEN-2020','REP02');
INSERT INTO Latte VALUES ('0965443','23-GEN-2019','23-GEN-2021','Latte Bovino', 200,'36°-39°','05-FEB-2020','REP02');
INSERT INTO Latte VALUES ('0911443','28-DIC-2019','28-DIC-2021','Latte Caprino',90,'72°-78°','14-FEB-2020','REP03');
INSERT INTO Latte VALUES ('0900431','27-FEB-2019','27-FEB-2021','Latte Ovino',140,'35°-40°','15-LUG-2020','REP04');
INSERT INTO Latte VALUES ('0994341','15-MAR-2019','15-MAR-2021','Latte Caprino',100,'72°-78°','04-AGO-2020','REP05');
INSERT INTO Latte VALUES ('0987643','08-AGO-2019','08-AGO-2021','Latte Ovino',125,'35°-40°','19-SET-2020','REP06');
INSERT INTO Latte VALUES ('0988334','18-OTT-2019','18-OTT-2021','Latte Bovino',235,'36°-39°','06-NOV-2020','REP07');
INSERT INTO Latte VALUES ('0929211','23-SET-2019','23-SET-2021','Latte Ovino',125,'35°-40°','08-NOV-2020','REP07');
INSERT INTO Latte VALUES ('0944312','14-AGO-2019','14-AGO-2021','Latte Caprino',85,'72°-78°','20-NOV-2020','REP08');
INSERT INTO Latte VALUES ('0909234','09-MAR-2019','09-MAR-2021','Latte Bovino',230,'36°-39°','11-DIC-2020','REP09');
INSERT INTO Latte VALUES ('0951210','01-FEB-2020','01-FEB-2022','Latte Ovino',130,'35°-40°','01-MAR-2021','REP10');
INSERT INTO Latte VALUES ('0900005','02-FEB-2020','02-FEB-2022','Latte Caprino',80,'72°-78°','30-MAG-2021','REP11');
INSERT INTO Latte VALUES ('0952111','05-MAR-2020','05-MAR-2022','Latte Bovino',115,'36°-39°','09-LUG-2021','REP12');
INSERT INTO Latte VALUES ('0951141','22-LUG-2020','22-LUG-2022','Latte Ovino' ,120,'35°-40°','27-SET-2021','REP13');
INSERT INTO Latte VALUES ('0963563','06-AGO-2020','06-AGO-2022','Latte Bovino',225,'36°-39°','28-SET-2021','REP14');
INSERT INTO Latte VALUES ('0988445','15-AGO-2020','06-AGO-2022','Latte Ovino',150,'35°-40°','30-SET-2021','REP15');
INSERT INTO Latte VALUES ('0954888','25-SET-2020','25-SET-2022','Latte Caprino',65,'72°-78°','15-OTT-2021','REP15');
INSERT INTO Latte VALUES ('0923476','05-SET-2020','05-SET-2022','Latte Bovino',250,'36°-39°','25-OTT-2021','REP12');
INSERT INTO Latte VALUES ('0903054','16-OTT-2020','16-OTT-2022','Latte Ovino',250,'35°-40°','02-NOV-2021','REP05');
INSERT INTO Latte VALUES ('0915412','20-OTT-2020','20-OTT-2022','Latte Caprino',90,'72°-78°','15-NOV-2021','REP09');
INSERT INTO Latte VALUES ('0943831','08-OTT-2020','08-OTT-2022','Latte Ovino',250,'35°-40°','25-NOV-2021','REP11');
INSERT INTO Latte VALUES ('0999882','22-NOV-2020','22-NOV-2022','Latte Caprino',55,'72°-78°','03-DIC-2021','REP07');
INSERT INTO Latte VALUES ('0923345','26-NOV-2020','26-NOV-2022','Latte Bovino',250,'36°-39°','15-DIC-2021','REP09');
INSERT INTO Latte VALUES ('0904721','28-NOV-2020','28-NOV-2022','Latte Ovino',250,'35°-40°','26-DIC-2021','REP04');

-- PRODUCE
INSERT INTO produce VALUES ('176234','0951222');                          
INSERT INTO produce VALUES ('400633','0912345');
INSERT INTO produce VALUES ('010143','0965443');
INSERT INTO produce VALUES ('456734','0911443');
INSERT INTO produce VALUES ('764578','0900431');
INSERT INTO produce VALUES ('865321','0994341');
INSERT INTO produce VALUES ('542897','0987643');
INSERT INTO produce VALUES ('135564','0988334');
INSERT INTO produce VALUES ('150067','0929211');
INSERT INTO produce VALUES ('908063','0944312');
INSERT INTO produce VALUES ('674421','0909234');
INSERT INTO produce VALUES ('963116','0951210');
INSERT INTO produce VALUES ('975644','0900005');
INSERT INTO produce VALUES ('032912','0952111');
INSERT INTO produce VALUES ('546155','0951141');
INSERT INTO produce VALUES ('051108','0963563');
INSERT INTO produce VALUES ('512054','0988445');
INSERT INTO produce VALUES ('512151','0954888');
INSERT INTO produce VALUES ('516159','0923476');
INSERT INTO produce VALUES ('886954','0903054');
INSERT INTO produce VALUES ('145885','0915412');
INSERT INTO produce VALUES ('511564','0943831');
INSERT INTO produce VALUES ('356065','0999882');
INSERT INTO produce VALUES ('421058','0923345');
INSERT INTO produce VALUES ('159951','0904721');

-- ASSISTE
INSERT INTO assiste VALUES ('12376','REP01','24-GEN-2020');
INSERT INTO assiste VALUES ('00642','REP02','25-GEN-2020');
INSERT INTO assiste VALUES ('23452','REP02','05-FEB-2020');
INSERT INTO assiste VALUES ('12470','REP03','14-FEB-2020');
INSERT INTO assiste VALUES ('41532','REP04','15-LUG-2020');
INSERT INTO assiste VALUES ('58624','REP05','04-AGO-2020');
INSERT INTO assiste VALUES ('65411','REP06','19-SET-2020');
INSERT INTO assiste VALUES ('08932','REP07','06-NOV-2020');
INSERT INTO assiste VALUES ('76214','REP07','08-NOV-2020');
INSERT INTO assiste VALUES ('10302','REP08','20-NOV-2020');
INSERT INTO assiste VALUES ('05732','REP09','11-DIC-2020');
INSERT INTO assiste VALUES ('23456','REP10','01-MAR-2021');
INSERT INTO assiste VALUES ('34612','REP11','30-MAG-2021');
INSERT INTO assiste VALUES ('12376','REP12','09-LUG-2021');
INSERT INTO assiste VALUES ('00642','REP13','27-SET-2021');
INSERT INTO assiste VALUES ('23452','REP14','28-SET-2021');
INSERT INTO assiste VALUES ('12470','REP15','30-SET-2021');
INSERT INTO assiste VALUES ('41532','REP15','15-OTT-2021');
INSERT INTO assiste VALUES ('58624','REP12','25-OTT-2021');
INSERT INTO assiste VALUES ('65411','REP05','02-NOV-2021');
INSERT INTO assiste VALUES ('08932','REP09','15-NOV-2021');
INSERT INTO assiste VALUES ('76214','REP11','25-NOV-2021');
INSERT INTO assiste VALUES ('10302','REP07','03-DIC-2021');
INSERT INTO assiste VALUES ('05732','REP09','15-DIC-2021');
INSERT INTO assiste VALUES ('23456','REP04','26-DIC-2021');

--CONSEGNA
INSERT INTO consegna VALUES ('55224','REP01','24-GEN-2020');
INSERT INTO consegna VALUES ('98563','REP02','25-GEN-2020');
INSERT INTO consegna VALUES ('34764','REP02','05-FEB-2020');
INSERT INTO consegna VALUES ('23621','REP03','14-FEB-2020');
INSERT INTO consegna VALUES ('23456','REP04','15-LUG-2020');
INSERT INTO consegna VALUES ('78753','REP05','04-AGO-2020');
INSERT INTO consegna VALUES ('55312','REP06','19-SET-2020');
INSERT INTO consegna VALUES ('08432','REP07','06-NOV-2020');
INSERT INTO consegna VALUES ('23843','REP07','08-NOV-2020');
INSERT INTO consegna VALUES ('12652','REP08','20-NOV-2020');
INSERT INTO consegna VALUES ('55224','REP09','11-DIC-2020');
INSERT INTO consegna VALUES ('98563','REP10','01-MAR-2021');
INSERT INTO consegna VALUES ('34764','REP11','30-MAG-2021');
INSERT INTO consegna VALUES ('23621','REP12','09-LUG-2021');
INSERT INTO consegna VALUES ('23456','REP13','27-SET-2021');
INSERT INTO consegna VALUES ('78753','REP14','28-SET-2021');
INSERT INTO consegna VALUES ('55312','REP15','30-SET-2021');
INSERT INTO consegna VALUES ('08432','REP15','15-OTT-2021');
INSERT INTO consegna VALUES ('23843','REP12','25-OTT-2021');
INSERT INTO consegna VALUES ('12652','REP05','02-NOV-2021');
INSERT INTO consegna VALUES ('55224','REP09','15-NOV-2021');
INSERT INTO consegna VALUES ('98563','REP11','25-NOV-2021');
INSERT INTO consegna VALUES ('34764','REP07','03-DIC-2021');
INSERT INTO consegna VALUES ('23621','REP09','15-DIC-2021');
INSERT INTO consegna VALUES ('23456','REP04','26-DIC-2021');

--SI ADOPERA
INSERT INTO si_adopera VALUES ('BB543HR','REP01','24-GEN-2020');
INSERT INTO si_adopera VALUES ('AA236JS','REP02','25-GEN-2020');
INSERT INTO si_adopera VALUES ('BB537TE','REP02','05-FEB-2020');
INSERT INTO si_adopera VALUES ('CF623YR','REP03','14-FEB-2020');
INSERT INTO si_adopera VALUES ('AD647WR','REP04','15-LUG-2020');
INSERT INTO si_adopera VALUES ('BE366GA','REP05','04-AGO-2020');
INSERT INTO si_adopera VALUES ('QQ363AV','REP06','19-SET-2020');
INSERT INTO si_adopera VALUES ('EQ347GS','REP07','06-NOV-2020');
INSERT INTO si_adopera VALUES ('EE518TT','REP07','08-NOV-2020');
INSERT INTO si_adopera VALUES ('AA236JS','REP08','20-NOV-2020');
INSERT INTO si_adopera VALUES ('AE753WE','REP09','11-DIC-2020');
INSERT INTO si_adopera VALUES ('EA721TE','REP10','01-MAR-2021');
INSERT INTO si_adopera VALUES ('BA854HF','REP11','30-MAG-2021');
INSERT INTO si_adopera VALUES ('BB537TE','REP12','09-LUG-2021');
INSERT INTO si_adopera VALUES ('AH532QW','REP13','27-SET-2021');
INSERT INTO si_adopera VALUES ('AE658HG','REP14','28-SET-2021');
INSERT INTO si_adopera VALUES ('AE658HG','REP15','30-SET-2021');
INSERT INTO si_adopera VALUES ('AI133CW','REP15','15-OTT-2021');
INSERT INTO si_adopera VALUES ('BB543HR','REP12','25-OTT-2021');
INSERT INTO si_adopera VALUES ('EE518TT','REP05','02-NOV-2021');
INSERT INTO si_adopera VALUES ('EQ347GS','REP09','15-NOV-2021');
INSERT INTO si_adopera VALUES ('BB543HR','REP11','25-NOV-2021');
INSERT INTO si_adopera VALUES ('AE753WE','REP07','03-DIC-2021');
INSERT INTO si_adopera VALUES ('QQ363AV','REP09','15-DIC-2021');
INSERT INTO si_adopera VALUES ('EA721TE','REP04','26-DIC-2021');

-- LABORATORIO ANALISI
INSERT INTO LabAnalisi VALUES ('K14FFX','ZetaLab Group','Via San Massimo','80035','Nola');
INSERT INTO LabAnalisi VALUES ('4MAW8Z','Latteplus','Via Don Giuseppe Morosini','81031','Aversa');
INSERT INTO LabAnalisi VALUES ('F8FIZT','Centro Analisi Latte','Via De Curtis','80032','Casamarciano');
INSERT INTO LabAnalisi VALUES ('XGYLFW','Safety Food','Via Alessandro Manzoni','80046','San Giorgio a Cremano');
INSERT INTO LabAnalisi VALUES ('MWFK8Z','Prisco S.r.l','Via Pagliano','80032','Casamarciano');
INSERT INTO LabAnalisi VALUES ('8QFT95','Ermete S.r.l.','Via Cavalli di Bronzo','80017','Melito');
INSERT INTO LabAnalisi VALUES ('PIFPTW','Ctr campioni latte','Via Recanati','80058','Torre Annunziata');
INSERT INTO LabAnalisi VALUES ('JXDAPI','Modovlab s.a.s.','Via Regina di Savoia','81030','Lusciano');
INSERT INTO LabAnalisi VALUES ('HQKL6T','Diagnostico Campano', 'Via Alessandro Manzoni','80017','Melito');
INSERT INTO LabAnalisi VALUES ('WSHL8C','Ctr Sarracino s.a.s.','Via Farina','80035','Nola');
INSERT INTO LabAnalisi VALUES ('E24ITE','Ecosystem S.r.l.','Via Guglielmo Marconi','81100','Caserta');
INSERT INTO LabAnalisi VALUES ('QUP3MU','BioLatte s.r.l.','Corso Bruno Buozzi','80046','San Giorgio a Cremano');
INSERT INTO LabAnalisi VALUES('M7QORJ','Consorzio Caseario','Piazza Trieste','81030','Lusciano');
INSERT INTO LabAnalisi VALUES ('QWF8AZ','Diagnostica Fraccia','Viale Margherita','81030','Gricignano');
INSERT INTO LabAnalisi VALUES ('B4F4QO','Gamma Z','Corso Giuseppe Garibaldi','81031','Aversa');

-- TELEFONO LABORATORIO ANALISI
INSERT INTO TelefonoLab VALUES ('K14FFX','212314030');
INSERT INTO TelefonoLab VALUES ('4MAW8Z','652346294');
INSERT INTO TelefonoLab VALUES ('F8FIZT','902344840');
INSERT INTO TelefonoLab VALUES ('XGYLFW','123233531');
INSERT INTO TelefonoLab VALUES ('MWFK8Z','572434975');
INSERT INTO TelefonoLab VALUES ('8QFT95','995675671');
INSERT INTO TelefonoLab VALUES ('PIFPTW','942525534');
INSERT INTO TelefonoLab VALUES ('JXDAPI','215325323');
INSERT INTO TelefonoLab VALUES ('HQKL6T','495239346');
INSERT INTO TelefonoLab VALUES ('WSHL8C','970233248');
INSERT INTO TelefonoLab VALUES ('E24ITE','396131239');
INSERT INTO TelefonoLab VALUES ('QUP3MU','152354233');
INSERT INTO TelefonoLab VALUES ('QUP3MU','562454446');
INSERT INTO TelefonoLab VALUES ('M7QORJ','103423436');
INSERT INTO TelefonoLab VALUES ('QWF8AZ','223432441');
INSERT INTO TelefonoLab VALUES ('B4F4QO','652343241');
INSERT INTO TelefonoLab VALUES ('B4F4QO','436435439');

-- ESAME
INSERT INTO Esame VALUES ('ACI00','Acidità');
INSERT INTO Esame VALUES ('GRA23','Materia Grassa');
INSERT INTO Esame VALUES ('MATSC','Materia Secca');
INSERT INTO Esame VALUES ('LATT1','Lattosio');
INSERT INTO Esame VALUES ('PH001','PH');
INSERT INTO Esame VALUES ('NACL1','Sali');
INSERT INTO Esame VALUES ('PROT2','Proteine');
INSERT INTO Esame VALUES ('CASNA','Caseina');
INSERT INTO Esame VALUES ('RESSC','Residuo Secco');
INSERT INTO Esame VALUES ('RESMG','Residuo Magro');
INSERT INTO Esame VALUES ('CA020','Calcio');
INSERT INTO Esame VALUES ('CARBT','Carboidrati');
INSERT INTO Esame VALUES ('LIPDI','Lipidi');
INSERT INTO Esame VALUES ('BATTR','Batteri');
INSERT INTO Esame VALUES ('LEUTS','Leucocito Tossico');

-- CONSEGNACAMPIONE
INSERT INTO ConsegnaCampione VALUES ('02483','20-GEN-2020','24-GEN-2020','REP01');
INSERT INTO ConsegnaCampione VALUES ('25753', '21-GEN-2020','25-GEN-2020','REP02');
INSERT INTO ConsegnaCampione VALUES ('15683', '01-FEB-2020','05-FEB-2020','REP02');
INSERT INTO ConsegnaCampione VALUES ('06823', '10-FEB-2020','14-FEB-2020','REP03');
INSERT INTO ConsegnaCampione VALUES ('77453', '09-LUG-2020','15-LUG-2020','REP04');
INSERT INTO ConsegnaCampione VALUES ('74560', '01-AGO-2020','04-AGO-2020','REP05');
INSERT INTO ConsegnaCampione VALUES ('65239', '16-SET-2020','19-SET-2020','REP06');
INSERT INTO ConsegnaCampione VALUES ('90812', '02-NOV-2020','06-NOV-2020','REP07');
INSERT INTO ConsegnaCampione VALUES ('14345', '03-NOV-2020','08-NOV-2020','REP07');
INSERT INTO ConsegnaCampione VALUES ('34575', '15-NOV-2020','20-NOV-2020','REP08');
INSERT INTO ConsegnaCampione VALUES ('76342', '07-DIC-2020','11-DIC-2020','REP09');
INSERT INTO ConsegnaCampione VALUES ('68994', '27-FEB-2021','01-MAR-2021','REP10');
INSERT INTO ConsegnaCampione VALUES ('10075', '26-MAG-2021','30-MAG-2021','REP11');
INSERT INTO ConsegnaCampione VALUES ('69844', '05-LUG-2021','09-LUG-2021','REP12');
INSERT INTO ConsegnaCampione VALUES ('80457', '23-SET-2021','27-SET-2021','REP13');
INSERT INTO ConsegnaCampione VALUES ('48258', '24-SET-2021','28-SET-2021','REP14');
INSERT INTO ConsegnaCampione VALUES ('09231', '26-SET-2021','30-SET-2021','REP15');
INSERT INTO ConsegnaCampione VALUES ('11553', '11-OTT-2021','15-OTT-2021','REP15');
INSERT INTO ConsegnaCampione VALUES ('78542', '21-OTT-2021','25-OTT-2021','REP12');
INSERT INTO ConsegnaCampione VALUES ('34806', '30-OTT-2021' ,'02-NOV-2021','REP05');
INSERT INTO ConsegnaCampione VALUES ('56897', '11-NOV-2021','15-NOV-2021','REP09');
INSERT INTO ConsegnaCampione VALUES ('34782', '21-NOV-2021','25-NOV-2021','REP11');
INSERT INTO ConsegnaCampione VALUES ('25780', '30-NOV-2021','03-DIC-2021','REP07');
INSERT INTO ConsegnaCampione VALUES ('76492', '11-DIC-2021','15-DIC-2021','REP09');
INSERT INTO ConsegnaCampione VALUES ('10294', '22-DIC-2021','26-DIC-2021','REP04');

-- REFERTO
INSERT INTO Referto VALUES ('P9GY0V19','Giuseppe','Silvestri','K14FFX','02483');
INSERT INTO Referto VALUES ('FXJUI60R','Maria','Amato','4MAW8Z','25753');
INSERT INTO Referto VALUES ('S843NP8K','Giovanni','Morelli','F8FIZT','15683');
INSERT INTO Referto VALUES ('CG5D48UH','Anna','Cattaneo','XGYLFW','06823');
INSERT INTO Referto VALUES ('GJ1EXA99','Antonio','Monti','MWFK8Z','77453');
INSERT INTO Referto VALUES ('YRPMU314','Giuseppina','Rizzi','8QFT95','74560');
INSERT INTO Referto VALUES ('NP7S3IUT','Mario','Farina','PIFPTW','65239');
INSERT INTO Referto VALUES  ('ERVA2GEE','Rosa','Sanna','JXDAPI','90812');
INSERT INTO Referto VALUES ('TH7K2Y66','Luigi','Palumbo','HQKL6T','14345');
INSERT INTO Referto VALUES ('WPDBHZHV','Angela','Pellegrini','WSHL8C','34575');
INSERT INTO Referto VALUES ('EZPOSQ1G','Francesco','Gatti','E24ITE','76342');
INSERT INTO Referto VALUES ('ADQ3W5KG','Giovanna','De Angelis','QUP3MU','68994');
INSERT INTO Referto VALUES ('KRGB0M8X','Angelo','Sala','M7QORJ','10075');
INSERT INTO Referto VALUES ('27A63ZDB','Teresa','Messina','QWF8AZ','69844');
INSERT INTO Referto VALUES  ('EP2FJ5RX','Vincenzo','Valentini','B4F4QO','80457');
INSERT INTO Referto VALUES ('Z7SF4EL0','Lucia','Grasso','K14FFX','48258');
INSERT INTO Referto VALUES ('TR3P8SU2','Pietro','Marini','4MAW8Z','09231');
INSERT INTO Referto VALUES ('SFXGSRJL','Carmela','Bianco','F8FIZT','11553');
INSERT INTO Referto VALUES ('Z7PO48K2','Salvatore','Fabbri','XGYLFW','78542');
INSERT INTO Referto VALUES ('99P6JPSY','Caterina','Ferri','MWFK8Z','34806');
INSERT INTO Referto VALUES ('HJ6QGE3W','Carlo','Ferraro','8QFT95','56897');
INSERT INTO Referto VALUES ('VQVU65SJ','Francesca','Conte','PIFPTW','34782');
INSERT INTO Referto VALUES ('30S8TL0C','Franco','Villa','JXDAPI','25780');
INSERT INTO Referto VALUES ('022ILA3H','Anna Maria','Parisi','HQKL6T','76492');
INSERT INTO Referto VALUES ('O4DMIAYO','Domenico','Marchetti','WSHL8C','10294');

-- FATTURA
INSERT INTO Fattura VALUES ('FA23ASB',19.99,'26-GEN-2020','REP06','0156-0188', 'ZCBXRN51H21Z713W');
INSERT INTO Fattura VALUES ('FA34GCS',19.90,'04-OTT-2021','REP06','0266-0587','ZCBXRN51H21Z713W');
INSERT INTO Fattura VALUES ('FA43CFV',33.50,'26-MAR-2020','REP06','4116-4412','ZCBXRN51H21Z713W');
INSERT INTO Fattura VALUES ('FA57YDT',43.00,'26-GEN-2020 ','REP06','5146-4256','SSXDDF70L44D882J');
INSERT INTO Fattura VALUES ('FA23ESR',21.20,'26-MAR-2020','REP06','0155-0984','SSXDDF70L44D882J');
INSERT INTO Fattura VALUES ('FA45ZZZ',28.40,'02-GEN-2021','REP06','0186-0458','SSXDDF70L44D882J');
INSERT INTO Fattura VALUES ('FA77GRX',8.40,'26-GEN-2020','REP06','8158-4478','DDJRZZ65B24A666H');
INSERT INTO Fattura VALUES ('FA18MCM',28.98,'26-MAR-2020','REP06','8156-0144','DDJRZZ65B24A666H');
INSERT INTO Fattura VALUES ('FA09MVN',36.50,'26-GEN-2020','REP06','0446-0698','SPMGVQ58R53G771S');
INSERT INTO Fattura VALUES ('FA58VOB',10.00,'26-MAR-2020','REP06','0858-0848','SPMGVQ58R53G771S');
INSERT INTO Fattura VALUES ('FA00MII',51.00,'02-GEN-2021','REP06','0256-0148','KNVPMB79B43H365Z');
INSERT INTO Fattura VALUES ('FA36PUR',37.00,'04-OTT-2021','REP06','4216-0148','KNVPMB79B43H365Z');
INSERT INTO Fattura VALUES ('FA84YYY',17.90,'26-GEN-2020','REP06','0156-0688','KNVPMB79B43H365Z');
INSERT INTO Fattura VALUES ('FA58XCR',21.20,'26-MAR-2020','REP06','0106-0768','KNVPMB79B43H365Z');
INSERT INTO Fattura VALUES ('FA24RFE',36.80,'04-OTT-2021 ','REP06','0057-0888','NMAWJT72S46H729K');
INSERT INTO Fattura VALUES ('FA88WEW',3.99,'26-GEN-2020','REP06','0199-0388','NMAWJT72S46H729K');
INSERT INTO Fattura VALUES ('FA25QWQ',61.48,'17-OTT-2021','REP06','0156-0183','NMAWJT72S46H729K');
INSERT INTO Fattura VALUES ('FA03HDV',40.00,'17-OTT-2021','REP06','0156-6288','PLOKWZ89H58B350J');
INSERT INTO Fattura VALUES ('FA66HGF',21.60,'26-MAR-2020','REP06','0156-7832','PLOKWZ89H58B350J');
INSERT INTO Fattura VALUES ('FA92EGD',47.10,'17-OTT-2021','REP06','1256-0548','JVGDPD66C03C557G');
INSERT INTO Fattura VALUES ('FA35MBN',7.90,'04-OTT-2021 ','REP06','0012-1288','JVGDPD66C03C557G');
INSERT INTO Fattura VALUES ('FA54VBN',12.80,'17-OTT-2021','REP06','0243-0267','VOOBJV42S66E970Z');
INSERT INTO Fattura VALUES ('FA00VVC',36.80,'04-OTT-2021','REP06','4386-1412','VOOBJV42S66E970Z');
INSERT INTO Fattura VALUES ('FA60FEF',12.40,'02-GEN-2021','REP06','8960-4126','VOOBJV42S66E970Z');
INSERT INTO Fattura VALUES ('FA00ARB',47.50,'17-OTT-2021','REP06','9143-0144','RTQPCR82C30F175V');
INSERT INTO Fattura VALUES ('FA00AYA',18.98,'19-SET-2020','REP06','0096-0768','HKOGPP55A30B710B');
INSERT INTO Fattura VALUES ('FA62CIC',4.99,'17-OTT-2021','REP06','8198-4234','YFGZZB70A18E273Y');
INSERT INTO Fattura VALUES ('FA62SUS',9.50,'04-OTT-2021','REP06','5436-0113','YFGZZB70A18E273Y');
INSERT INTO Fattura VALUES ('FA66SJA',28.00,'17-OTT-2021','REP06','1246-7698','DNHMTX45C61E687Z');
INSERT INTO Fattura VALUES ('FA61SHS',40.80,'04-OTT-2021','REP06','0823-6548','DNHMTX45C61E687Z');
INSERT INTO Fattura VALUES ('FA84GFD',9.20,' 02-GEN-2021 ','REP06','0126-1118','DNHMTX45C61E687Z');
INSERT INTO Fattura VALUES ('FA21VDD',10.00,'26-DIC-2020','REP06','7234-0237','GZSVCJ41S09F880H');
INSERT INTO Fattura VALUES ('FA61WDW',7.90,'30-OTT-2021','REP06','8932-4322','SYYHNX36E69E199L');
INSERT INTO Fattura VALUES ('FA30ASS',21.20,'18-DIC-2021','REP06','5112-9956','NRRFLB64D23I997P');
INSERT INTO Fattura VALUES ('FA30XFV',36.80,'22-NOV-2021','REP06','1230-1204','SIEVNM76S49B966D');
INSERT INTO Fattura VALUES ('FA51VBV',30.00,'30-OTT-2021','REP06','0234-7858','NRRFLB64D23I997P');
INSERT INTO Fattura VALUES ('FA45SBD',22.50,'26-DIC-2020','REP06','8238-4178','MPGRZQ71T13A806W');
INSERT INTO Fattura VALUES ('FA51HSS',18.98,'19-SET-2020','REP06','8111-0144','LPRLJN42C55M287S');
INSERT INTO Fattura VALUES ('FA21RRY',43.00,'30-OTT-2021','REP06','0006-0222','MPGRZQ71T13A806W');
INSERT INTO Fattura VALUES ('FA11STS',12.90,'22-NOV-2021','REP06','0803-0840','PYCNHT84B57D547H');
INSERT INTO Fattura VALUES ('FA15GFS',9.20,'18-DIC-2021','REP06','3553-0248','PYCNHT84B57D547H');

-- E_COMPOSTO_DA
INSERT INTO e_composta_da VALUES ('P9GY0V19','ACI00',8.33,'pos');
INSERT INTO e_composta_da VALUES ('P9GY0V19','GRA23',7.85,'neg');
INSERT INTO e_composta_da VALUES ('FXJUI60R','MATSC',3.55,'pos');
INSERT INTO e_composta_da VALUES ('FXJUI60R','LATT1',5.13,'pos');
INSERT INTO e_composta_da VALUES ('S843NP8K','PH001',1.84,'pos');
INSERT INTO e_composta_da VALUES ('S843NP8K','NACL1',6.18,'pos');
INSERT INTO e_composta_da VALUES ('CG5D48UH','PROT2',3.95,'pos');
INSERT INTO e_composta_da VALUES ('CG5D48UH','CASNA',4.27,'neg');
INSERT INTO e_composta_da VALUES ('GJ1EXA99','RESSC',2.51,'neg');
INSERT INTO e_composta_da VALUES ('GJ1EXA99','RESMG',5.81,'pos');
INSERT INTO e_composta_da VALUES ('YRPMU314','CA020',5.38,'pos');
INSERT INTO e_composta_da VALUES ('YRPMU314','CARBT',5.96,'pos');
INSERT INTO e_composta_da VALUES ('NP7S3IUT','LIPDI',9.8,'neg');
INSERT INTO e_composta_da VALUES ('NP7S3IUT','BATTR',9.61,'neg');
INSERT INTO e_composta_da VALUES ('ERVA2GEE','LEUTS',6.49,'pos');
INSERT INTO e_composta_da VALUES ('ERVA2GEE','ACI00',5.51,'pos');
INSERT INTO e_composta_da VALUES ('TH7K2Y66','GRA23',3.7,'neg');
INSERT INTO e_composta_da VALUES ('TH7K2Y66','MATSC',2.36,'neg');
INSERT INTO e_composta_da VALUES ('WPDBHZHV','LATT1',9.52,'neg');
INSERT INTO e_composta_da VALUES ('WPDBHZHV','PH001',7.47,'pos');
INSERT INTO e_composta_da VALUES ('EZPOSQ1G','NACL1',8.64,'pos');
INSERT INTO e_composta_da VALUES ('EZPOSQ1G','PROT2',3.87,'neg');
INSERT INTO e_composta_da VALUES ('ADQ3W5KG','CASNA',4.79,'pos');
INSERT INTO e_composta_da VALUES ('ADQ3W5KG','RESSC',9.98,'pos');
INSERT INTO e_composta_da VALUES ('KRGB0M8X','RESMG',0.43,'pos');
INSERT INTO e_composta_da VALUES ('KRGB0M8X','CA020',9.05,'pos');
INSERT INTO e_composta_da VALUES ('27A63ZDB','CARBT',3.52,'pos');
INSERT INTO e_composta_da VALUES ('27A63ZDB','LIPDI',10.19,'neg');
INSERT INTO e_composta_da VALUES ('EP2FJ5RX','BATTR',7.44,'neg');
INSERT INTO e_composta_da VALUES ('EP2FJ5RX','LEUTS',9.4,'pos');
INSERT INTO e_composta_da VALUES ('Z7SF4EL0','ACI00',8.29,'pos');
INSERT INTO e_composta_da VALUES ('Z7SF4EL0','GRA23',0.8,'neg');
INSERT INTO e_composta_da VALUES ('TR3P8SU2','MATSC',6.59,'pos');
INSERT INTO e_composta_da VALUES ('TR3P8SU2','LATT1',1.49,'neg');
INSERT INTO e_composta_da VALUES ('SFXGSRJL','PH001',3.4,'neg');
INSERT INTO e_composta_da VALUES ('SFXGSRJL','NACL1',2.23,'neg');
INSERT INTO e_composta_da VALUES ('Z7PO48K2','PROT2',4.29,'pos');
INSERT INTO e_composta_da VALUES ('Z7PO48K2','CASNA',2.4,'pos');
INSERT INTO e_composta_da VALUES ('99P6JPSY','RESSC',5.41,'neg');
INSERT INTO e_composta_da VALUES ('99P6JPSY','RESMG',4.06,'pos');
INSERT INTO e_composta_da VALUES ('HJ6QGE3W','CA020',3.04,'neg');
INSERT INTO e_composta_da VALUES ('HJ6QGE3W','CARBT',3.68,'pos');
INSERT INTO e_composta_da VALUES ('VQVU65SJ','LIPDI',1.0,'neg');
INSERT INTO e_composta_da VALUES ('VQVU65SJ','BATTR',9.73,'neg');
INSERT INTO e_composta_da VALUES ('30S8TL0C','LEUTS',6.47,'neg');
INSERT INTO e_composta_da VALUES ('30S8TL0C','ACI00',4.92,'neg');
INSERT INTO e_composta_da VALUES ('022ILA3H','GRA23',1.94,'pos');
INSERT INTO e_composta_da VALUES ('022ILA3H','MATSC',2.21,'neg');
INSERT INTO e_composta_da VALUES ('O4DMIAYO','LATT1',3.59,'neg');
INSERT INTO e_composta_da VALUES ('O4DMIAYO','PH001',8.02,'neg');